Player_Name,Player_ID,Team_ID
Payton Pritchard,0718c0e1-7804-471a-b4ed-cde778948d4d,583eccfa-fb46-11e1-82cb-f4ce4684ea4c
Oshae Brissett,36c27a5d-c5bd-4e81-83b6-c77457103855,583eccfa-fb46-11e1-82cb-f4ce4684ea4c
Kristaps Porzingis,3c5901ef-af1d-441d-aeed-8e0a93cead49,583eccfa-fb46-11e1-82cb-f4ce4684ea4c
Jordan Walsh,59f3c089-7642-4792-99a2-97795c3d7648,583eccfa-fb46-11e1-82cb-f4ce4684ea4c
Jrue Holiday,65700e81-3aa0-49a9-8a94-004f2cfb64e5,583eccfa-fb46-11e1-82cb-f4ce4684ea4c
JD Davison,6e468041-8174-4161-8c1d-8ac620e0cbb0,583eccfa-fb46-11e1-82cb-f4ce4684ea4c
Neemias Queta,7cfc1044-54f9-4788-af5f-8d943f992e0d,583eccfa-fb46-11e1-82cb-f4ce4684ea4c
Drew Peterson,82c98130-ca75-4fad-be40-59133af1027e,583eccfa-fb46-11e1-82cb-f4ce4684ea4c
Svi Mykhailiuk,8c0929ae-ce3d-47e0-a964-bf6b8d3981ab,583eccfa-fb46-11e1-82cb-f4ce4684ea4c
Jayson Tatum,98136da3-452f-49dc-a794-1ee9c76443f2,583eccfa-fb46-11e1-82cb-f4ce4684ea4c
Derrick White,9bcd5cff-4a1c-4454-89b6-a5899b0c6bcc,583eccfa-fb46-11e1-82cb-f4ce4684ea4c
Jaden Springer,9fff97c3-676d-4c27-ab63-8d02540bb008,583eccfa-fb46-11e1-82cb-f4ce4684ea4c
Al Horford,cf3a87ec-c2f7-42e8-9698-6f8b2ba916a9,583eccfa-fb46-11e1-82cb-f4ce4684ea4c
Sam Hauser,f5aac467-6bf9-4fa3-b89a-9ef71fe546fa,583eccfa-fb46-11e1-82cb-f4ce4684ea4c
Xavier Tillman Sr.,fb60c435-dd40-401e-977b-15bdbb753444,583eccfa-fb46-11e1-82cb-f4ce4684ea4c
Luke Kornet,fed6929f-8d92-456c-8a89-9e0c17cf4f7b,583eccfa-fb46-11e1-82cb-f4ce4684ea4c
Jaylen Brown,ffc5579c-783f-4d62-80ab-3c3dcb05a27d,583eccfa-fb46-11e1-82cb-f4ce4684ea4c
Duane Washington Jr.,08fd692d-bce8-4f56-9add-77efc68637e8,583ec70e-fb46-11e1-82cb-f4ce4684ea4c
Julius Randle,24c85a15-686e-4161-934b-40948188fa36,583ec70e-fb46-11e1-82cb-f4ce4684ea4c
Miles McBride,355a6113-d842-40be-9e74-90bb0800aabe,583ec70e-fb46-11e1-82cb-f4ce4684ea4c
Isaiah Hartenstein,38745a56-7472-4844-a2dc-f61d3bcd941f,583ec70e-fb46-11e1-82cb-f4ce4684ea4c
DaQuan Jeffries,3a2b38a1-23da-4af8-8c1a-e52694c2416a,583ec70e-fb46-11e1-82cb-f4ce4684ea4c
Precious Achiuwa,3dbbb869-88a8-44f2-ac36-46fd0f5d825c,583ec70e-fb46-11e1-82cb-f4ce4684ea4c
Jericho Sims,56003e58-6b25-4f22-9d97-020b3d1f6616,583ec70e-fb46-11e1-82cb-f4ce4684ea4c
Shake Milton,5722e429-752c-41f7-9b75-e3fc712f14f1,583ec70e-fb46-11e1-82cb-f4ce4684ea4c
Alec Burks,73fcf334-2088-4862-b83b-66eae415cf87,583ec70e-fb46-11e1-82cb-f4ce4684ea4c
Bojan Bogdanovic,7ff02e19-e829-4e56-9a34-233a71fce76c,583ec70e-fb46-11e1-82cb-f4ce4684ea4c
Jalen Brunson,8d3edba8-9004-4199-9328-cc2208e8b0d3,583ec70e-fb46-11e1-82cb-f4ce4684ea4c
OG Anunoby,9474fa0a-70dd-44c4-9751-dac5839ae7f3,583ec70e-fb46-11e1-82cb-f4ce4684ea4c
Mitchell Robinson,97e25d19-7c5c-49f9-91c0-5cd9b9cebdcb,583ec70e-fb46-11e1-82cb-f4ce4684ea4c
Donte DiVincenzo,9cfad453-b323-43dc-a066-6cd0a21745ad,583ec70e-fb46-11e1-82cb-f4ce4684ea4c
Jacob Toppin,a4f71454-3994-4994-a03d-1279da83989d,583ec70e-fb46-11e1-82cb-f4ce4684ea4c
Mamadi Diakite,c258dbfb-74dc-4222-a07b-f906370e945f,583ec70e-fb46-11e1-82cb-f4ce4684ea4c
Charlie Brown Jr.,c64b2514-98dc-4cd9-a920-5b36abb7c252,583ec70e-fb46-11e1-82cb-f4ce4684ea4c
Josh Hart,d6fbf8f8-bb4a-43f7-95f6-498a5e042138,583ec70e-fb46-11e1-82cb-f4ce4684ea4c
Jeff Dowtin Jr.,2d2017ed-9196-434e-9fb4-9bb904bda4ab,583ec87d-fb46-11e1-82cb-f4ce4684ea4c
Ricky Council IV,3c721dcc-8d35-494a-aa85-b696c0ecda48,583ec87d-fb46-11e1-82cb-f4ce4684ea4c
Robert Covington,3e512d9e-ff9c-4f23-a4fd-a88128ee3af2,583ec87d-fb46-11e1-82cb-f4ce4684ea4c
Terquavion Smith,4426109b-06bf-4b98-b5ba-c1d7c9595cc2,583ec87d-fb46-11e1-82cb-f4ce4684ea4c
KJ Martin,48394746-ddaa-4e82-ae1a-2c87e3189b73,583ec87d-fb46-11e1-82cb-f4ce4684ea4c
De'Anthony Melton,5b22ae60-ca29-4cd8-b618-cce7b9766b0e,583ec87d-fb46-11e1-82cb-f4ce4684ea4c
Tyrese Maxey,75fc46eb-71d8-4d1a-984f-3747ccd7a4c9,583ec87d-fb46-11e1-82cb-f4ce4684ea4c
Buddy Hield,795f46f2-c78d-4f1d-9ee2-4331c1cc8184,583ec87d-fb46-11e1-82cb-f4ce4684ea4c
Kelly Oubre Jr.,7dfa0971-96be-4705-9811-f9f54758145f,583ec87d-fb46-11e1-82cb-f4ce4684ea4c
Tobias Harris,82f09975-6a8d-42e4-b42c-a52b9349ed50,583ec87d-fb46-11e1-82cb-f4ce4684ea4c
Kyle Lowry,8c090758-6baa-468d-82fd-d47e17d5091b,583ec87d-fb46-11e1-82cb-f4ce4684ea4c
D.J. Wilson,91ef3b61-97a2-4b07-981a-c4228713fd1f,583ec87d-fb46-11e1-82cb-f4ce4684ea4c
Mo Bamba,a6bf9402-7f41-49a9-ab28-fe0bdffb5060,583ec87d-fb46-11e1-82cb-f4ce4684ea4c
Nicolas Batum,a89ac040-715d-4057-8fc0-9d71ad06fa0a,583ec87d-fb46-11e1-82cb-f4ce4684ea4c
Joel Embiid,bf9ad0fd-0cb8-4360-8970-5f1b5cf3fa8d,583ec87d-fb46-11e1-82cb-f4ce4684ea4c
Paul Reed,c7c7c72b-7cee-409a-b2b5-256d173ac305,583ec87d-fb46-11e1-82cb-f4ce4684ea4c
Cameron Payne,fc486ff9-f1d0-4a1e-83ed-4a3aaec950a2,583ec87d-fb46-11e1-82cb-f4ce4684ea4c
Dariq Whitehead,169083b9-0653-44c8-ac69-bc5360a468c6,583ec9d6-fb46-11e1-82cb-f4ce4684ea4c
Day'Ron Sharpe,1c82e36d-8975-4778-9d49-d872d2f3f1be,583ec9d6-fb46-11e1-82cb-f4ce4684ea4c
Jaylen Martin,1cc0577e-a011-4b08-a6a8-216765672f08,583ec9d6-fb46-11e1-82cb-f4ce4684ea4c
Nic Claxton,288519dc-eae8-4daf-afa4-c86322b7460e,583ec9d6-fb46-11e1-82cb-f4ce4684ea4c
Cameron Johnson,2fe5b749-7bd4-4dbc-acfb-6d675f541e37,583ec9d6-fb46-11e1-82cb-f4ce4684ea4c
Ben Simmons,318debd7-dab6-4d4e-8849-03c4c701a7c8,583ec9d6-fb46-11e1-82cb-f4ce4684ea4c
Dorian Finney-Smith,426357dc-340b-4d89-8e3b-7d6b4022b460,583ec9d6-fb46-11e1-82cb-f4ce4684ea4c
Jacob Gilyard,49aaa5a4-1bb3-4651-9249-b1c7ca0c09e2,583ec9d6-fb46-11e1-82cb-f4ce4684ea4c
Keon Johnson,4e3d287a-49d4-4f1a-8f88-da3a5abb3e4a,583ec9d6-fb46-11e1-82cb-f4ce4684ea4c
Jalen Wilson,73d92041-1258-4f1f-8bd3-55e07407115b,583ec9d6-fb46-11e1-82cb-f4ce4684ea4c
Mikal Bridges,83cc5b28-36a7-43ba-ba20-8347bd1de583,583ec9d6-fb46-11e1-82cb-f4ce4684ea4c
Dennis Smith Jr.,8bfafad0-c7ac-4eca-8bba-60cf72180545,583ec9d6-fb46-11e1-82cb-f4ce4684ea4c
Trendon Watford,9f4181d5-0999-46ba-b466-d90ded24268a,583ec9d6-fb46-11e1-82cb-f4ce4684ea4c
Dennis Schroder,a2c6a907-282f-4172-9d60-42d03987da0e,583ec9d6-fb46-11e1-82cb-f4ce4684ea4c
Keita Bates-Diop,af3416bc-38fb-46ca-9b03-72a88d7fda35,583ec9d6-fb46-11e1-82cb-f4ce4684ea4c
Cam Thomas,c6289b1b-7bb2-4ee6-8111-1a6e96aa9104,583ec9d6-fb46-11e1-82cb-f4ce4684ea4c
Lonnie Walker IV,d58cf16b-7bf5-4fed-8b1e-61bad46fa43e,583ec9d6-fb46-11e1-82cb-f4ce4684ea4c
Noah Clowney,dbf9e1f5-7573-4c24-992a-04ea080c61e1,583ec9d6-fb46-11e1-82cb-f4ce4684ea4c
Jontay Porter,0eefc0d4-47bf-4280-aef3-e65b5c88e8be,583ecda6-fb46-11e1-82cb-f4ce4684ea4c
Malik Williams,1729cb6a-0881-47b0-9b12-97aca55cb290,583ecda6-fb46-11e1-82cb-f4ce4684ea4c
Scottie Barnes,1738927f-6ef3-4b23-921d-168b4371f917,583ecda6-fb46-11e1-82cb-f4ce4684ea4c
Jalen McDaniels,2e1e9cc8-b30b-490c-bd6a-a718340a371a,583ecda6-fb46-11e1-82cb-f4ce4684ea4c
RJ Barrett,42c5f009-dfd2-4a94-a750-0943791e138e,583ecda6-fb46-11e1-82cb-f4ce4684ea4c
D.J. Carton,469a1340-4263-4897-b1d5-caabc6340904,583ecda6-fb46-11e1-82cb-f4ce4684ea4c
Gradey Dick,59c707c2-fc69-4ed5-aa33-d446709dad9f,583ecda6-fb46-11e1-82cb-f4ce4684ea4c
Gary Trent Jr.,62daf16f-0c4c-46ae-9e54-0d34d6fdef85,583ecda6-fb46-11e1-82cb-f4ce4684ea4c
Javon Freeman-Liberty,6830096d-0ede-42a9-9b55-a1388760f786,583ecda6-fb46-11e1-82cb-f4ce4684ea4c
Kelly Olynyk,8e288d6e-50b8-404b-812b-823ae5bab61f,583ecda6-fb46-11e1-82cb-f4ce4684ea4c
Mouhamadou Gueye,9f8b7ec7-cec6-4c8a-9a06-ca123df80dae,583ecda6-fb46-11e1-82cb-f4ce4684ea4c
Ochai Agbaji,a7466782-6f87-414f-9458-7fea82922e00,583ecda6-fb46-11e1-82cb-f4ce4684ea4c
Kobi Simmons,c494c5a5-3155-40b1-923e-da846c2e232f,583ecda6-fb46-11e1-82cb-f4ce4684ea4c
Jordan Nwora,c7a6b9c5-c600-49d9-b7be-e2b12b464e40,583ecda6-fb46-11e1-82cb-f4ce4684ea4c
Immanuel Quickley,cb0b5991-53e4-4dce-bf95-215fd6ecf728,583ecda6-fb46-11e1-82cb-f4ce4684ea4c
Jakob Poeltl,e1b3d3d5-b4b1-481a-b5b9-efe4231f48bf,583ecda6-fb46-11e1-82cb-f4ce4684ea4c
Garrett Temple,ee2644c1-1260-4bf4-9c70-7c5b0cee4770,583ecda6-fb46-11e1-82cb-f4ce4684ea4c
Chris Boucher,f01d5d8d-f949-437a-a23f-3835c0939ced,583ecda6-fb46-11e1-82cb-f4ce4684ea4c
Bruce Brown,fc058e75-1015-4bbe-8fab-925d5f6d83fb,583ecda6-fb46-11e1-82cb-f4ce4684ea4c
Pat Connaughton,298852ca-299d-4cb9-a9e5-6ac909582f78,583ecefd-fb46-11e1-82cb-f4ce4684ea4c
TyTy Washington Jr.,3054d6e1-033b-4b8d-93e5-b807ea122c75,583ecefd-fb46-11e1-82cb-f4ce4684ea4c
Danilo Gallinari,47cd6421-0ce1-431e-9b9c-a8d9bfd0eb04,583ecefd-fb46-11e1-82cb-f4ce4684ea4c
Khris Middleton,4c362eee-6474-40ea-b1b4-d8f917f95175,583ecefd-fb46-11e1-82cb-f4ce4684ea4c
Damian Lillard,5382cf43-3a79-4a5a-a7fd-153906fe65dd,583ecefd-fb46-11e1-82cb-f4ce4684ea4c
AJ Green,616c60bf-f7ce-482d-a9c8-10c6c7fbef97,583ecefd-fb46-11e1-82cb-f4ce4684ea4c
Jaylin Galloway,6331dc61-03d4-4e96-adc3-1079db6da054,583ecefd-fb46-11e1-82cb-f4ce4684ea4c
Thanasis Antetokounmpo,64c0e4e5-8711-4b86-8072-745f6084df73,583ecefd-fb46-11e1-82cb-f4ce4684ea4c
Bobby Portis,68b7aac9-02fd-4bd8-b10c-6702d2c5eb98,583ecefd-fb46-11e1-82cb-f4ce4684ea4c
Giannis Antetokounmpo,6c60282d-165a-4cba-8e5a-4f2d9d4c5905,583ecefd-fb46-11e1-82cb-f4ce4684ea4c
Andre Jackson Jr.,8aaf1808-f7af-4894-9b14-cc7655005313,583ecefd-fb46-11e1-82cb-f4ce4684ea4c
Patrick Beverley,912e7aa3-dd03-4a98-9980-0442e108f287,583ecefd-fb46-11e1-82cb-f4ce4684ea4c
Brook Lopez,c179fb5c-9845-4e37-aef7-6e00d97548eb,583ecefd-fb46-11e1-82cb-f4ce4684ea4c
Chris Livingston,cb3ded6d-8874-4b93-8a89-6a6785f6fac0,583ecefd-fb46-11e1-82cb-f4ce4684ea4c
Malik Beasley,d3392ee6-cbe4-419e-bbd5-1b658d83e10e,583ecefd-fb46-11e1-82cb-f4ce4684ea4c
Jae Crowder,db74c5dd-08bd-41a5-99ba-328e9b18aeb5,583ecefd-fb46-11e1-82cb-f4ce4684ea4c
Ryan Rollins,e8def95a-cdf0-423f-9cac-a3e7e92364db,583ecefd-fb46-11e1-82cb-f4ce4684ea4c
MarJon Beauchamp,fc036630-debc-44bf-9663-03c3fbd3045c,583ecefd-fb46-11e1-82cb-f4ce4684ea4c
Ty Jerome,03cf6eb6-688a-49b1-a4cc-f10c39c21725,583ec773-fb46-11e1-82cb-f4ce4684ea4c
Emoni Bates,194a9cc3-1dce-4c9a-96dd-a2f2505f5fe8,583ec773-fb46-11e1-82cb-f4ce4684ea4c
Tristan Thompson,335097c3-7919-49d5-80b0-8062d5d3e89c,583ec773-fb46-11e1-82cb-f4ce4684ea4c
Damian Jones,44231f84-c69d-440d-9287-e210d4ce1672,583ec773-fb46-11e1-82cb-f4ce4684ea4c
Marcus Morris Sr.,4d7cb358-0fec-482f-9f57-92c39e8bf214,583ec773-fb46-11e1-82cb-f4ce4684ea4c
Sam Merrill,6b8ed06d-a33f-46ce-b416-647100736df8,583ec773-fb46-11e1-82cb-f4ce4684ea4c
Craig Porter Jr.,7458ef96-cab7-433e-a761-4e93537f4b52,583ec773-fb46-11e1-82cb-f4ce4684ea4c
Pete Nance,8006987e-cd53-4e60-a26e-83cb96fb81ac,583ec773-fb46-11e1-82cb-f4ce4684ea4c
Jarrett Allen,a3fff5c7-19b6-4dac-bd75-11b944bea505,583ec773-fb46-11e1-82cb-f4ce4684ea4c
Isaiah Mobley,af4bed90-a355-44e6-a5b7-38c479f4a2b4,583ec773-fb46-11e1-82cb-f4ce4684ea4c
Donovan Mitchell,b6dde96e-3748-4cbe-86d2-798d5dffb3c0,583ec773-fb46-11e1-82cb-f4ce4684ea4c
Darius Garland,b79b88e1-35ef-4947-8a61-f6ec631a1e15,583ec773-fb46-11e1-82cb-f4ce4684ea4c
Dean Wade,bbeecf0c-62c6-4211-991d-2afaf2403623,583ec773-fb46-11e1-82cb-f4ce4684ea4c
Caris LeVert,c34996e5-8be6-4053-a2f2-0acb0155e18c,583ec773-fb46-11e1-82cb-f4ce4684ea4c
Isaac Okoro,d13849d9-a696-44af-84a1-3196132c3ecd,583ec773-fb46-11e1-82cb-f4ce4684ea4c
Evan Mobley,d64b602e-45f2-4ba9-878b-0a4f7210ec77,583ec773-fb46-11e1-82cb-f4ce4684ea4c
Max Strus,f6aff1dc-15b9-4c89-a2fb-746f4cf78890,583ec773-fb46-11e1-82cb-f4ce4684ea4c
Georges Niang,fae899bc-3fc7-43d9-b2c9-35721d11e438,583ec773-fb46-11e1-82cb-f4ce4684ea4c
Andrew Nembhard,02acc094-76ab-4b3e-b51d-a351a9bab6b9,583ec7cd-fb46-11e1-82cb-f4ce4684ea4c
Isaiah Jackson,067d9f05-a6b8-4a4b-854c-3364234e62b1,583ec7cd-fb46-11e1-82cb-f4ce4684ea4c
James Johnson,1f0687ca-c8f2-4c71-8306-8a18cbf6cc60,583ec7cd-fb46-11e1-82cb-f4ce4684ea4c
Tyrese Haliburton,254e42d7-df01-4c68-9264-bca06c83c2c1,583ec7cd-fb46-11e1-82cb-f4ce4684ea4c
Kendall Brown,298fa611-756c-4b05-8930-b5ff2fec5640,583ec7cd-fb46-11e1-82cb-f4ce4684ea4c
Myles Turner,323f9ef8-ecdd-41a7-859e-dd3db48ba913,583ec7cd-fb46-11e1-82cb-f4ce4684ea4c
Ben Sheppard,3b40df6a-55ba-40a2-b6b8-ab8ae114dfc3,583ec7cd-fb46-11e1-82cb-f4ce4684ea4c
Pascal Siakam,3df1db1d-6596-489e-8e26-80f60fd9b1f4,583ec7cd-fb46-11e1-82cb-f4ce4684ea4c
Bennedict Mathurin,3f98b652-71d4-4a40-949d-41c33dddd15d,583ec7cd-fb46-11e1-82cb-f4ce4684ea4c
Doug McDermott,66156be8-6202-40bd-bdc2-014a46bee28f,583ec7cd-fb46-11e1-82cb-f4ce4684ea4c
Jalen Smith,689cb3b0-a7cc-45b5-860d-007597029c8c,583ec7cd-fb46-11e1-82cb-f4ce4684ea4c
Jarace Walker,6fd99205-e159-4ff2-b291-80fb2d067bb3,583ec7cd-fb46-11e1-82cb-f4ce4684ea4c
Oscar Tshiebwe,810c84a1-e260-4aa3-9849-1b2ee3657fe3,583ec7cd-fb46-11e1-82cb-f4ce4684ea4c
Quenton Jackson,8571e039-8802-453a-aca5-7fdcb3ae1a28,583ec7cd-fb46-11e1-82cb-f4ce4684ea4c
Aaron Nesmith,90d63a71-e4fe-411c-9773-2e74b5e1cb3b,583ec7cd-fb46-11e1-82cb-f4ce4684ea4c
T.J. McConnell,e3dfa2a2-6272-4f3f-adf0-dd5dadea9481,583ec7cd-fb46-11e1-82cb-f4ce4684ea4c
Obi Toppin,ed000754-fb2c-4778-be6d-40cfc2400bd7,583ec7cd-fb46-11e1-82cb-f4ce4684ea4c
Isaiah Wong,f789dfff-4658-452f-a3cb-81d9213fe414,583ec7cd-fb46-11e1-82cb-f4ce4684ea4c
Lonzo Ball,0f1de951-5a0e-4bc7-977c-8dafd0fbf121,583ec5fd-fb46-11e1-82cb-f4ce4684ea4c
Henri Drell,111cb5fa-fb56-47d5-8618-ce3ab6da67f8,583ec5fd-fb46-11e1-82cb-f4ce4684ea4c
Andrew Funk,1d2b0dcb-23f3-4263-8842-30b8acb556ce,583ec5fd-fb46-11e1-82cb-f4ce4684ea4c
Javonte Green,252f4b13-6abb-45dc-ae85-f822b817cb51,583ec5fd-fb46-11e1-82cb-f4ce4684ea4c
Dalen Terry,39d205a6-5a8e-4656-9565-87a8e95ee411,583ec5fd-fb46-11e1-82cb-f4ce4684ea4c
Andre Drummond,440b769d-2b8b-477f-80d7-cb21d83c0d52,583ec5fd-fb46-11e1-82cb-f4ce4684ea4c
DeMar DeRozan,5e86a9c3-b4d0-4fe1-a551-acd83e5d60eb,583ec5fd-fb46-11e1-82cb-f4ce4684ea4c
Patrick Williams,67f6467e-0acc-48ce-9872-a63225ef295c,583ec5fd-fb46-11e1-82cb-f4ce4684ea4c
Nikola Vucevic,7366b2b7-5959-4dd9-9204-760e861b3119,583ec5fd-fb46-11e1-82cb-f4ce4684ea4c
Adama Sanogo,73e347c9-dab6-45b2-8774-82d5bdb6f940,583ec5fd-fb46-11e1-82cb-f4ce4684ea4c
Jevon Carter,79cd9581-3aaa-484c-a8b1-a349cdc5c34c,583ec5fd-fb46-11e1-82cb-f4ce4684ea4c
Terry Taylor,7cd15c04-f7ed-4901-869d-ae4e2133a5bc,583ec5fd-fb46-11e1-82cb-f4ce4684ea4c
Alex Caruso,8936c15e-f9d5-4b9a-80b9-8f6b7dcf7a17,583ec5fd-fb46-11e1-82cb-f4ce4684ea4c
Julian Phillips,9c1deadf-622c-4326-bd14-3e273b5e1e5a,583ec5fd-fb46-11e1-82cb-f4ce4684ea4c
Coby White,a1e46e84-bd9e-454d-9117-a8fa1aab0ce4,583ec5fd-fb46-11e1-82cb-f4ce4684ea4c
Onuralp Bitim,afd6f073-343c-4e1f-9f77-a187d0c8aff9,583ec5fd-fb46-11e1-82cb-f4ce4684ea4c
Torrey Craig,c14eba17-879a-461e-9413-bf71a378de6e,583ec5fd-fb46-11e1-82cb-f4ce4684ea4c
Zach LaVine,db72e294-1c54-454a-96b9-0b4fd2f38112,583ec5fd-fb46-11e1-82cb-f4ce4684ea4c
Ayo Dosunmu,f8a7e4c7-d60e-4751-9203-30a772dd9272,583ec5fd-fb46-11e1-82cb-f4ce4684ea4c
Jalen Duren,00fb2704-aa25-4ef7-8972-cde454810810,583ec928-fb46-11e1-82cb-f4ce4684ea4c
Jared Rhoden,09a90226-6869-41b5-9bfe-78a53e75292b,583ec928-fb46-11e1-82cb-f4ce4684ea4c
Ausar Thompson,18c14a3d-2ce0-451c-bceb-b0ce13c16ead,583ec928-fb46-11e1-82cb-f4ce4684ea4c
Malachi Flynn,22973df1-49a2-4506-bfce-3368737981f8,583ec928-fb46-11e1-82cb-f4ce4684ea4c
Marcus Sasser,4707d9b8-fca3-4550-ae25-bd4b449e4dbf,583ec928-fb46-11e1-82cb-f4ce4684ea4c
James Wiseman,5228b552-2eb0-4476-96c2-f3c9f82a7a35,583ec928-fb46-11e1-82cb-f4ce4684ea4c
Troy Brown Jr.,5350a897-aa31-4510-8feb-e709e1feb844,583ec928-fb46-11e1-82cb-f4ce4684ea4c
Cade Cunningham,57d55cd4-6ab8-4255-a248-bef800c0cbab,583ec928-fb46-11e1-82cb-f4ce4684ea4c
Tosan Evbuomwan,68ed2fac-e117-48e1-ac43-314098f600ea,583ec928-fb46-11e1-82cb-f4ce4684ea4c
Jaylen Nowell,6e16fada-c4ba-42af-ab1d-aca511a6c684,583ec928-fb46-11e1-82cb-f4ce4684ea4c
Chimezie Metu,72a69d30-cf07-4b5f-94ad-9c76832788bc,583ec928-fb46-11e1-82cb-f4ce4684ea4c
Taj Gibson,9c8dc8ee-6207-48d5-81ee-f362f5e17f9b,583ec928-fb46-11e1-82cb-f4ce4684ea4c
Isaiah Stewart,9d4d6c87-78db-4556-b94a-bb8d566dd004,583ec928-fb46-11e1-82cb-f4ce4684ea4c
Buddy Boeheim,abceaea3-47b0-43fb-b9f7-75f378e2d409,583ec928-fb46-11e1-82cb-f4ce4684ea4c
Evan Fournier,b736d95c-8474-48b2-9000-24ce926eace3,583ec928-fb46-11e1-82cb-f4ce4684ea4c
Stanley Umude,c2a8d4de-dee9-4999-944d-5e0797b45480,583ec928-fb46-11e1-82cb-f4ce4684ea4c
Quentin Grimes,e8486226-53e1-4857-b5f0-8b6fe88bdd8a,583ec928-fb46-11e1-82cb-f4ce4684ea4c
Jaden Ivey,ec887131-efba-43a0-ad0a-0757ab3f0399,583ec928-fb46-11e1-82cb-f4ce4684ea4c
Simone Fontecchio,fda266ab-06e1-4591-80fa-73f027979b63,583ec928-fb46-11e1-82cb-f4ce4684ea4c
Anthony Black,089dc4be-faf1-4d91-9e02-fdb78ed096f3,583ed157-fb46-11e1-82cb-f4ce4684ea4c
Goga Bitadze,0c977083-fdde-45f1-9406-60aef2a78846,583ed157-fb46-11e1-82cb-f4ce4684ea4c
Markelle Fultz,41edefa9-a2f9-447d-9578-d2ea2a0d783d,583ed157-fb46-11e1-82cb-f4ce4684ea4c
Paolo Banchero,49d8f5ef-2867-4597-a3ab-5ffc5e651258,583ed157-fb46-11e1-82cb-f4ce4684ea4c
Franz Wagner,514fd4aa-5384-4bc7-a670-367a426ca235,583ed157-fb46-11e1-82cb-f4ce4684ea4c
Joe Ingles,5b297372-b2af-445e-a4bc-777982dbc1e3,583ed157-fb46-11e1-82cb-f4ce4684ea4c
Gary Harris,6b5d0264-fa2d-4956-919b-61abfc6bb8d7,583ed157-fb46-11e1-82cb-f4ce4684ea4c
Jalen Suggs,6dda6e0a-4b74-4486-80cd-5f9a8d93d1ba,583ed157-fb46-11e1-82cb-f4ce4684ea4c
Wendell Carter Jr.,744d5db7-b0be-474a-a58b-6ddf7ae35567,583ed157-fb46-11e1-82cb-f4ce4684ea4c
Jonathan Isaac,776679a3-c1d8-4463-99b1-61024008a3ed,583ed157-fb46-11e1-82cb-f4ce4684ea4c
Trevelin Queen,88005562-d747-4995-8bb7-de651d6c5bbc,583ed157-fb46-11e1-82cb-f4ce4684ea4c
Caleb Houstan,968ecb8b-c8b6-4fe1-a606-346f7a82a7c1,583ed157-fb46-11e1-82cb-f4ce4684ea4c
Kevon Harris,a9cd8509-6115-4408-bcec-19e88118b016,583ed157-fb46-11e1-82cb-f4ce4684ea4c
Jett Howard,ad5c19d3-1cce-4124-aeb9-dc15b3d0a851,583ed157-fb46-11e1-82cb-f4ce4684ea4c
Cole Anthony,b6ba1ad1-c57b-4215-8ded-5eeee7171017,583ed157-fb46-11e1-82cb-f4ce4684ea4c
Admiral Schofield,ddebd1eb-4298-449d-850a-4dd5f84da05c,583ed157-fb46-11e1-82cb-f4ce4684ea4c
Moritz Wagner,f1f258c2-9bcf-4e33-ba9e-563e95084893,583ed157-fb46-11e1-82cb-f4ce4684ea4c
Chuma Okeke,f4800b3d-a795-4b22-bfef-83a079b30a89,583ed157-fb46-11e1-82cb-f4ce4684ea4c
Thomas Bryant,030424b9-7367-45e1-b9d4-c8dee3a89e53,583ecea6-fb46-11e1-82cb-f4ce4684ea4c
Jimmy Butler,0e163d44-67a7-4107-9421-5333600166bb,583ecea6-fb46-11e1-82cb-f4ce4684ea4c
Bam Adebayo,11c303dc-540c-4090-8e0c-76c2fb2c125a,583ecea6-fb46-11e1-82cb-f4ce4684ea4c
Duncan Robinson,18d35316-9f40-408c-abcc-ab49e06ef8e8,583ecea6-fb46-11e1-82cb-f4ce4684ea4c
Delon Wright,1db0df17-b3d5-4ddb-98d0-8f86239347bf,583ecea6-fb46-11e1-82cb-f4ce4684ea4c
Jaime Jaquez Jr.,4b7ecb2a-ec19-4984-9472-92edf7e17acb,583ecea6-fb46-11e1-82cb-f4ce4684ea4c
Caleb Martin,566685c7-ff63-439a-8888-5278904835fa,583ecea6-fb46-11e1-82cb-f4ce4684ea4c
Alondes Williams,58c01127-e0de-487d-a2bc-bf88642619c0,583ecea6-fb46-11e1-82cb-f4ce4684ea4c
Kevin Love,7d615ccd-db96-42a3-9a6c-7f18ea25634e,583ecea6-fb46-11e1-82cb-f4ce4684ea4c
Tyler Herro,8bd80771-843f-4d7f-a4e7-b4d4f6c4e7c6,583ecea6-fb46-11e1-82cb-f4ce4684ea4c
Patty Mills,9e917c97-5227-4581-9ab5-2dd07a7187ef,583ecea6-fb46-11e1-82cb-f4ce4684ea4c
Haywood Highsmith,a17d9b20-4e2b-4612-aecd-27938c997e94,583ecea6-fb46-11e1-82cb-f4ce4684ea4c
Jamal Cain,a3c4745f-461b-47d4-87db-887ac81fe5e7,583ecea6-fb46-11e1-82cb-f4ce4684ea4c
Cole Swider,cae1e67f-229e-46c8-851a-571d728ae315,583ecea6-fb46-11e1-82cb-f4ce4684ea4c
Orlando Robinson,cbceca06-325c-492c-a995-873ec07bc64e,583ecea6-fb46-11e1-82cb-f4ce4684ea4c
Terry Rozier,d1ee8ac8-f550-4269-ab4f-604b7bba441a,583ecea6-fb46-11e1-82cb-f4ce4684ea4c
Nikola Jovic,d31856fa-e1ff-4617-ab8b-a3ed79bfb27d,583ecea6-fb46-11e1-82cb-f4ce4684ea4c
Josh Richardson,ef11cca9-6605-44e8-943e-193c7b821465,583ecea6-fb46-11e1-82cb-f4ce4684ea4c
Mouhamed Gueye,26049bcf-1ff3-4a23-8e4c-ce0b18784738,583ecb8f-fb46-11e1-82cb-f4ce4684ea4c
Bruno Fernando,2ef47392-9f85-47e7-a844-b5d97cf412c9,583ecb8f-fb46-11e1-82cb-f4ce4684ea4c
Seth Lundy,52621886-a235-498d-8d60-f45937cc4e3e,583ecb8f-fb46-11e1-82cb-f4ce4684ea4c
Onyeka Okongwu,70e50e53-ca3b-425d-ac49-b156d6d1e016,583ecb8f-fb46-11e1-82cb-f4ce4684ea4c
Wesley Matthews,795bcca3-0cca-448c-8198-85c664f76c75,583ecb8f-fb46-11e1-82cb-f4ce4684ea4c
Dejounte Murray,7d27ec3b-1e31-4b0f-abcf-e12039a0e27b,583ecb8f-fb46-11e1-82cb-f4ce4684ea4c
Dylan Windler,870310f0-9480-453a-8b33-a62f283c5eda,583ecb8f-fb46-11e1-82cb-f4ce4684ea4c
Vit Krejci,8db2a730-bafb-4936-915f-3dd4920a0aa9,583ecb8f-fb46-11e1-82cb-f4ce4684ea4c
Garrison Mathews,9866abfb-ec41-451a-9c2a-d1a47ec21a0e,583ecb8f-fb46-11e1-82cb-f4ce4684ea4c
Kobe Bufkin,a10a4352-53b3-47b6-a336-201dc9e8401e,583ecb8f-fb46-11e1-82cb-f4ce4684ea4c
De'Andre Hunter,a4a75d83-54b5-4dca-913e-44ab04288446,583ecb8f-fb46-11e1-82cb-f4ce4684ea4c
Bogdan Bogdanovic,b4282659-dd1a-4042-a075-7df4890858e7,583ecb8f-fb46-11e1-82cb-f4ce4684ea4c
Clint Capela,c37dafbb-a269-41f6-813f-bdb4da388203,583ecb8f-fb46-11e1-82cb-f4ce4684ea4c
Trae Young,cf418e0c-de9d-438f-a1ac-3be539a56c42,583ecb8f-fb46-11e1-82cb-f4ce4684ea4c
Trent Forrest,d1490593-3d95-4ad6-9890-b6e8c97836e0,583ecb8f-fb46-11e1-82cb-f4ce4684ea4c
Jalen Johnson,d222539f-fa52-4070-807f-d3aba372f46d,583ecb8f-fb46-11e1-82cb-f4ce4684ea4c
Saddiq Bey,d531a451-6377-4942-a26f-3507d60fb36b,583ecb8f-fb46-11e1-82cb-f4ce4684ea4c
AJ Griffin,dff43943-07d4-44b8-b349-b5a0c327ce54,583ecb8f-fb46-11e1-82cb-f4ce4684ea4c
Seth Curry,047d0b63-4142-46e9-8f04-a61622ae2375,583ec97e-fb46-11e1-82cb-f4ce4684ea4c
Aleksej Pokusevski,132799e5-ab45-4b19-aff9-5dd73f85651c,583ec97e-fb46-11e1-82cb-f4ce4684ea4c
Marques Bolden,156c4ce1-b6d7-42f7-86be-cf96d2763043,583ec97e-fb46-11e1-82cb-f4ce4684ea4c
Bryce McGowens,3c4a7fda-fca3-4a68-9886-ea7eec4cc2e3,583ec97e-fb46-11e1-82cb-f4ce4684ea4c
Grant Williams,59209028-6712-47ef-b87c-bdb19f91523b,583ec97e-fb46-11e1-82cb-f4ce4684ea4c
Tre Mann,5b681679-4d8c-4964-bbba-5ed058257745,583ec97e-fb46-11e1-82cb-f4ce4684ea4c
Amari Bailey,615f8557-022f-46ef-9803-3c221ceb1c09,583ec97e-fb46-11e1-82cb-f4ce4684ea4c
JT Thor,652f9ae3-0dbf-47c4-bad3-6474b6521134,583ec97e-fb46-11e1-82cb-f4ce4684ea4c
Vasilije Micic,6dba15f0-f107-4eb5-bc20-5f67316df9d5,583ec97e-fb46-11e1-82cb-f4ce4684ea4c
Cody Martin,6eadcfb0-1d51-4525-add6-17f07ae2ad49,583ec97e-fb46-11e1-82cb-f4ce4684ea4c
Brandon Miller,775e4450-cdcd-43a1-b4cd-dc29fba48503,583ec97e-fb46-11e1-82cb-f4ce4684ea4c
Nick Richards,9654c7f1-d16c-428c-88fd-2a6cdb5a8370,583ec97e-fb46-11e1-82cb-f4ce4684ea4c
Mark Williams,a5ec46e9-928f-4609-ab4d-c86ec6434327,583ec97e-fb46-11e1-82cb-f4ce4684ea4c
Leaky Black,a9aaa4a2-9997-49b3-b54e-bcf5ec66efe5,583ec97e-fb46-11e1-82cb-f4ce4684ea4c
Miles Bridges,af8f331b-96a6-416e-8837-b14d5b11c52d,583ec97e-fb46-11e1-82cb-f4ce4684ea4c
Nick Smith Jr.,bcb84104-a049-4263-8574-67b1d786481c,583ec97e-fb46-11e1-82cb-f4ce4684ea4c
LaMelo Ball,be53f27f-c666-4bd2-8fcd-0713f963aa2b,583ec97e-fb46-11e1-82cb-f4ce4684ea4c
Davis Bertans,c1bb78ed-4ce7-4e8c-b30c-06f8148d550a,583ec97e-fb46-11e1-82cb-f4ce4684ea4c
Patrick Baldwin Jr.,003883ca-cd7e-4b58-99d7-6fef54afdfeb,583ec8d4-fb46-11e1-82cb-f4ce4684ea4c
Jared Butler,0d9cd878-b94e-4daa-9848-dee6d950f1a5,583ec8d4-fb46-11e1-82cb-f4ce4684ea4c
Bilal Coulibaly,27db7dbb-6aad-44df-a3f4-7e1c21c2f256,583ec8d4-fb46-11e1-82cb-f4ce4684ea4c
Jordan Poole,2ed2f76f-5a2f-4d79-ab7c-e84a8a42dc21,583ec8d4-fb46-11e1-82cb-f4ce4684ea4c
Deni Avdija,312f21c9-a061-43e2-9a22-65199131068e,583ec8d4-fb46-11e1-82cb-f4ce4684ea4c
Corey Kispert,3358cc38-7331-43ad-af04-ebd34fe328e7,583ec8d4-fb46-11e1-82cb-f4ce4684ea4c
RJ Hampton,36cb0c82-ee54-43f1-96bc-bfc9ba728b50,583ec8d4-fb46-11e1-82cb-f4ce4684ea4c
Landry Shamet,467f6843-4a9d-413b-9924-d2188d60e6fe,583ec8d4-fb46-11e1-82cb-f4ce4684ea4c
Kyle Kuzma,4fae86e2-4f99-4247-af85-d917b4389d31,583ec8d4-fb46-11e1-82cb-f4ce4684ea4c
Johnny Davis,51551f58-fc52-4403-abe5-4f5614804312,583ec8d4-fb46-11e1-82cb-f4ce4684ea4c
Justin Champagnie,6d117ec5-649d-4151-8d44-88175c603067,583ec8d4-fb46-11e1-82cb-f4ce4684ea4c
Tristan Vukcevic,73f8f274-238d-419f-bccb-097362b8354d,583ec8d4-fb46-11e1-82cb-f4ce4684ea4c
Anthony Gill,7aa10d1a-ed4e-417d-998d-84ce66c77c9b,583ec8d4-fb46-11e1-82cb-f4ce4684ea4c
Eugene Omoruyi,7cb0e40c-85bf-4fb6-905e-37604cabc151,583ec8d4-fb46-11e1-82cb-f4ce4684ea4c
Jules Bernard,9c6135c7-fab6-45da-a2a2-8e174bb8acb0,583ec8d4-fb46-11e1-82cb-f4ce4684ea4c
Tyus Jones,cbc0a3b2-985e-4484-9cb6-6891337b18b7,583ec8d4-fb46-11e1-82cb-f4ce4684ea4c
Marvin Bagley III,e86c1439-4ef0-4530-9c41-c3a682962eb3,583ec8d4-fb46-11e1-82cb-f4ce4684ea4c
Richaun Holmes,e96ef8d2-192f-47a3-a6ad-876603de1907,583ec8d4-fb46-11e1-82cb-f4ce4684ea4c
DeAndre Jordan,0036a1fa-ff9a-44a5-8061-68b828ee2b1e,583ed102-fb46-11e1-82cb-f4ce4684ea4c
Justin Holiday,05dea31d-f1ff-491b-9f17-8be88b26f413,583ed102-fb46-11e1-82cb-f4ce4684ea4c
Jay Huff,1d1fa699-a455-4082-9df8-f97dbb0ca678,583ed102-fb46-11e1-82cb-f4ce4684ea4c
Aaron Gordon,20f85838-0bd5-4c1f-ab85-a308bafaf5bc,583ed102-fb46-11e1-82cb-f4ce4684ea4c
Hunter Tyson,2533c7f2-31e9-4405-8b66-91e1e966d3f0,583ed102-fb46-11e1-82cb-f4ce4684ea4c
Julian Strawther,39111764-a140-4086-9220-fd4264d9072d,583ed102-fb46-11e1-82cb-f4ce4684ea4c
Michael Porter Jr.,3a7d6510-00e9-4265-81df-864a1f547269,583ed102-fb46-11e1-82cb-f4ce4684ea4c
Jalen Pickett,57551d80-b1c9-42a2-a882-e0c06aa6f951,583ed102-fb46-11e1-82cb-f4ce4684ea4c
Zeke Nnaji,5a563d9c-10c4-4005-a884-109f05264b0b,583ed102-fb46-11e1-82cb-f4ce4684ea4c
Collin Gillespie,60b8026e-e154-4ed7-a247-8e4af1dbf668,583ed102-fb46-11e1-82cb-f4ce4684ea4c
Jamal Murray,685576ef-ea6c-4ccf-affd-18916baf4e60,583ed102-fb46-11e1-82cb-f4ce4684ea4c
Reggie Jackson,7b745dde-a011-45a8-98a8-460a9facb3ce,583ed102-fb46-11e1-82cb-f4ce4684ea4c
Vlatko Cancar,957e63a8-d87d-47d2-89cc-416afa292d80,583ed102-fb46-11e1-82cb-f4ce4684ea4c
Peyton Watson,abfc35ea-baf0-4aff-b69a-30732ddf2b1b,583ed102-fb46-11e1-82cb-f4ce4684ea4c
Braxton Key,c22cf6a4-f026-4843-9d05-862e08a30ece,583ed102-fb46-11e1-82cb-f4ce4684ea4c
Christian Braun,cbc1a455-6cf8-4174-ace6-b0e250936f74,583ed102-fb46-11e1-82cb-f4ce4684ea4c
Kentavious Caldwell-Pope,cecc054e-b9ec-4c71-8bbb-5ee665a8c3a9,583ed102-fb46-11e1-82cb-f4ce4684ea4c
Nikola Jokic,f2625432-3903-4f90-9b0b-2e4f63856bb0,583ed102-fb46-11e1-82cb-f4ce4684ea4c
Keyontae Johnson,29d7b4d4-5aaf-4668-820f-4ab9790cc930,583ecfff-fb46-11e1-82cb-f4ce4684ea4c
Isaiah Joe,36d083a5-49ca-42f1-80b7-b78275a8abd9,583ecfff-fb46-11e1-82cb-f4ce4684ea4c
Luguentz Dort,3f7e2350-e208-4791-98c2-684b53bb5a9a,583ecfff-fb46-11e1-82cb-f4ce4684ea4c
Jaylin Williams,4965ef48-7aa9-4eae-a923-5023ff7ab1eb,583ecfff-fb46-11e1-82cb-f4ce4684ea4c
Jalen Williams,62c44a90-f280-438a-9c7e-252f4f376283,583ecfff-fb46-11e1-82cb-f4ce4684ea4c
Josh Giddey,66ea876a-1cc9-47ed-ae31-2ed3c8f9350e,583ecfff-fb46-11e1-82cb-f4ce4684ea4c
Adam Flagler,6a45cd75-c6ef-42ac-9a67-dd0fdb21ade7,583ecfff-fb46-11e1-82cb-f4ce4684ea4c
Mike Muscala,7c636961-816a-4b44-8991-671df9d91d9c,583ecfff-fb46-11e1-82cb-f4ce4684ea4c
Lindy Waters III,80328aab-9ce6-49c8-b3f2-f5bf73cdf319,583ecfff-fb46-11e1-82cb-f4ce4684ea4c
Bismack Biyombo,8e3cbaa3-e30a-4cf8-aa7a-1b57f15f0f98,583ecfff-fb46-11e1-82cb-f4ce4684ea4c
Kenrich Williams,9318b4c1-49d0-40eb-8b76-1098e28133d2,583ecfff-fb46-11e1-82cb-f4ce4684ea4c
Ousmane Dieng,9e0b879c-8be6-445e-a437-a3bf18130b9c,583ecfff-fb46-11e1-82cb-f4ce4684ea4c
Gordon Hayward,a1ddebee-950c-497d-9acd-b5061360b464,583ecfff-fb46-11e1-82cb-f4ce4684ea4c
Cason Wallace,b3db0b36-344f-4035-b315-9fb18933e535,583ecfff-fb46-11e1-82cb-f4ce4684ea4c
Aaron Wiggins,d3b28775-473d-471a-8452-e913f4347f0f,583ecfff-fb46-11e1-82cb-f4ce4684ea4c
Shai Gilgeous-Alexander,d9ea4a8f-ff51-408d-b518-980efc2a35a1,583ecfff-fb46-11e1-82cb-f4ce4684ea4c
Chet Holmgren,eb91a4c8-1a8a-46bf-86e6-e16950b67ef6,583ecfff-fb46-11e1-82cb-f4ce4684ea4c
Olivier Sarr,fa95eb6b-9008-4d67-8476-3b69e90b8688,583ecfff-fb46-11e1-82cb-f4ce4684ea4c
Kyle Anderson,2e49c27a-06c5-4c4a-87fd-69840b783947,583eca2f-fb46-11e1-82cb-f4ce4684ea4c
T.J. Warren,2ec7092d-e988-4576-ab8b-e3197448fa5d,583eca2f-fb46-11e1-82cb-f4ce4684ea4c
Rudy Gobert,37fbc3a5-0d10-4e22-803b-baa2ea0cdb12,583eca2f-fb46-11e1-82cb-f4ce4684ea4c
Mike Conley,460b7264-b98f-483e-b841-59a18c2e4d67,583eca2f-fb46-11e1-82cb-f4ce4684ea4c
Monte Morris,48b05ddf-0a9f-4426-9394-231c54726eaa,583eca2f-fb46-11e1-82cb-f4ce4684ea4c
Leonard Miller,7b526b14-5d50-411e-8bea-0ac7a8d0e8d7,583eca2f-fb46-11e1-82cb-f4ce4684ea4c
Daishen Nix,7f11cfe9-30d3-492a-9033-08cf2324a73e,583eca2f-fb46-11e1-82cb-f4ce4684ea4c
Naz Reid,823b2161-0c34-494c-9d7c-b438152f4f4d,583eca2f-fb46-11e1-82cb-f4ce4684ea4c
Luka Garza,8da31ebc-6614-4209-8685-5442bc09887b,583eca2f-fb46-11e1-82cb-f4ce4684ea4c
Jaylen Clark,a34ec970-f4a1-47a3-98a1-51ff5e92a443,583eca2f-fb46-11e1-82cb-f4ce4684ea4c
Jaden McDaniels,aa5536d2-4d75-43fb-8df3-47fbf99d3b7c,583eca2f-fb46-11e1-82cb-f4ce4684ea4c
Karl-Anthony Towns,ab532a66-9314-4d57-ade7-bb54a70c65ad,583eca2f-fb46-11e1-82cb-f4ce4684ea4c
Jordan McLaughlin,bde7f42e-7296-453d-bcba-cac6fad2d03f,583eca2f-fb46-11e1-82cb-f4ce4684ea4c
Josh Minott,c4cf8fb6-b7de-45f2-b9f9-9365b8f2f2ed,583eca2f-fb46-11e1-82cb-f4ce4684ea4c
Anthony Edwards,d0c7135a-1aea-40cb-ba20-df656de71749,583eca2f-fb46-11e1-82cb-f4ce4684ea4c
Nickeil Alexander-Walker,d3d0ab55-b939-47b3-af27-77cdf85d7956,583eca2f-fb46-11e1-82cb-f4ce4684ea4c
Wendell Moore Jr.,e23521cd-8e92-4701-b9e7-dc4acd21dfec,583eca2f-fb46-11e1-82cb-f4ce4684ea4c
Jordan Clarkson,03d77214-5780-4715-8df2-13de3af5ea2d,583ece50-fb46-11e1-82cb-f4ce4684ea4c
Micah Potter,06570485-2ec5-40ab-9b50-8e4cfd7f0dc3,583ece50-fb46-11e1-82cb-f4ce4684ea4c
John Collins,28a2e698-9f33-4d4d-9a5d-9bea66ee42a1,583ece50-fb46-11e1-82cb-f4ce4684ea4c
Keyonte George,4a4459df-6307-4d10-b4cd-c69e9bf8b11d,583ece50-fb46-11e1-82cb-f4ce4684ea4c
Kris Dunn,56c796d6-74d3-4881-9166-7f528e2b67f6,583ece50-fb46-11e1-82cb-f4ce4684ea4c
Lauri Markkanen,583d7994-36f9-4a9a-b527-c18704406981,583ece50-fb46-11e1-82cb-f4ce4684ea4c
Johnny Juzang,5cc6d4d4-e4d5-42b7-b431-cecbc55bf023,583ece50-fb46-11e1-82cb-f4ce4684ea4c
Darius Bazley,6687bacd-1bd8-4f76-acdd-b4beac0bf402,583ece50-fb46-11e1-82cb-f4ce4684ea4c
Omer Yurtseven,6cb137da-2848-4c37-a80d-a4ba75ece969,583ece50-fb46-11e1-82cb-f4ce4684ea4c
Kira Lewis Jr.,6d717396-cfbb-43e0-a129-723839974a15,583ece50-fb46-11e1-82cb-f4ce4684ea4c
Luka Samanic,714b4b97-6bfe-44ce-8875-a8ee494b32dc,583ece50-fb46-11e1-82cb-f4ce4684ea4c
Kenneth Lofton Jr.,7a19d2de-a807-4603-a122-b2908d924b6d,583ece50-fb46-11e1-82cb-f4ce4684ea4c
Walker Kessler,7eccbdf9-58a3-4b96-8b1e-eaa8ea9da836,583ece50-fb46-11e1-82cb-f4ce4684ea4c
Collin Sexton,80b5cccf-203b-4482-92aa-76d1598216be,583ece50-fb46-11e1-82cb-f4ce4684ea4c
Talen Horton-Tucker,b0b79700-15f3-4981-8d81-73534bbdd0ab,583ece50-fb46-11e1-82cb-f4ce4684ea4c
Jason Preston,bfe2a85f-6d49-406e-88a1-2a38a66e8cfb,583ece50-fb46-11e1-82cb-f4ce4684ea4c
Brice Sensabaugh,e747747c-3053-4ad3-a44d-7ac0b9cbdb4c,583ece50-fb46-11e1-82cb-f4ce4684ea4c
Taylor Hendricks,fb6e5496-cfa5-42c2-bbfa-f776734a25a8,583ece50-fb46-11e1-82cb-f4ce4684ea4c
Rayan Rupert,02d782f9-c33b-4ebb-a7f2-7f19cfafaf89,583ed056-fb46-11e1-82cb-f4ce4684ea4c
Toumani Camara,06df3766-f654-4fe3-8a37-496d21e7ea23,583ed056-fb46-11e1-82cb-f4ce4684ea4c
Moses Brown,355308f5-dbd8-4936-82fd-9a3c5c8e4b0d,583ed056-fb46-11e1-82cb-f4ce4684ea4c
Jerami Grant,5b315e15-6633-4ce2-8200-71b821553314,583ed056-fb46-11e1-82cb-f4ce4684ea4c
Anfernee Simons,632adcc4-97f1-4e67-a132-e0b79f013c67,583ed056-fb46-11e1-82cb-f4ce4684ea4c
Dalano Banton,6a93a3fd-d10c-4594-a4b5-873fa13f6d99,583ed056-fb46-11e1-82cb-f4ce4684ea4c
Deandre Ayton,7ca4beac-bbd6-454f-b820-4e8442a3e1e5,583ed056-fb46-11e1-82cb-f4ce4684ea4c
Ashton Hagans,8a384680-197e-4fa7-9403-e7a1d8bff8a5,583ed056-fb46-11e1-82cb-f4ce4684ea4c
Matisse Thybulle,8b43c272-c16b-40c7-a4d5-7bbcefeb1816,583ed056-fb46-11e1-82cb-f4ce4684ea4c
Scoot Henderson,a978acbc-e84b-4cc4-85c9-30595e022847,583ed056-fb46-11e1-82cb-f4ce4684ea4c
Kris Murray,af5e629a-6b79-46d9-9b58-dc9ec41a0bd0,583ed056-fb46-11e1-82cb-f4ce4684ea4c
Ibou Badji,be0b897f-a553-4524-a358-eaa3b445c422,583ed056-fb46-11e1-82cb-f4ce4684ea4c
Robert Williams III,c20dfb58-5622-405e-90b1-92b79ee97461,583ed056-fb46-11e1-82cb-f4ce4684ea4c
Justin Minaya,d35f38c6-bcd9-42c4-b93a-71332581353f,583ed056-fb46-11e1-82cb-f4ce4684ea4c
Duop Reath,dc929037-1cbf-4a60-a4d8-59636641ae88,583ed056-fb46-11e1-82cb-f4ce4684ea4c
Shaedon Sharpe,eb0bd3d9-4bf0-4cc3-bbdf-c79e2255c175,583ed056-fb46-11e1-82cb-f4ce4684ea4c
Malcolm Brogdon,f7134fc8-b298-41fd-933d-d0c4a5d8f6ac,583ed056-fb46-11e1-82cb-f4ce4684ea4c
Jabari Walker,ff065b75-4031-474c-9610-c505db2ca63e,583ed056-fb46-11e1-82cb-f4ce4684ea4c
Kai Jones,116f036d-9233-462b-80bc-3ede69b97706,583ecdfb-fb46-11e1-82cb-f4ce4684ea4c
Ivica Zubac,2da18268-82d4-4b40-a296-7ceddd435d0b,583ecdfb-fb46-11e1-82cb-f4ce4684ea4c
Brandon Boston Jr.,3ee94b27-a47b-4fae-bb71-ba68dacef351,583ecdfb-fb46-11e1-82cb-f4ce4684ea4c
Xavier Moon,5b6bee70-ade5-4fb1-84b2-4547cddff5d6,583ecdfb-fb46-11e1-82cb-f4ce4684ea4c
Russell Westbrook,74a45eed-f2b0-4886-ae71-d04cf7d59528,583ecdfb-fb46-11e1-82cb-f4ce4684ea4c
Moussa Diabate,78dc76b4-a810-4e4a-9418-5cf3fa03582f,583ecdfb-fb46-11e1-82cb-f4ce4684ea4c
Bones Hyland,7ad01370-ae8e-40ae-b70d-61f6d8dba8d9,583ecdfb-fb46-11e1-82cb-f4ce4684ea4c
Kobe Brown,83d5d358-9559-49fb-8cde-833d8d5eb108,583ecdfb-fb46-11e1-82cb-f4ce4684ea4c
Mason Plumlee,9570a938-324f-40e8-92dd-8a4fcf4a953b,583ecdfb-fb46-11e1-82cb-f4ce4684ea4c
Jordan Miller,9f25f9f8-6028-4f4b-8e05-48b43272c167,583ecdfb-fb46-11e1-82cb-f4ce4684ea4c
James Harden,a52b2c84-9c3d-4d6e-8a3b-10e75d11c2bc,583ecdfb-fb46-11e1-82cb-f4ce4684ea4c
Terance Mann,a6cc820a-8dce-40aa-840c-f0c94cfa9e46,583ecdfb-fb46-11e1-82cb-f4ce4684ea4c
Amir Coffey,b9d4ce1b-94dc-4bec-8d62-70a86d9c523e,583ecdfb-fb46-11e1-82cb-f4ce4684ea4c
Kawhi Leonard,c12fb587-fc86-471c-8a84-19caf31325ce,583ecdfb-fb46-11e1-82cb-f4ce4684ea4c
P.J. Tucker,da7d17aa-f245-4710-820c-99d29a7458b4,583ecdfb-fb46-11e1-82cb-f4ce4684ea4c
Paul George,db09f372-9a17-4889-add7-bf8a75ab6da6,583ecdfb-fb46-11e1-82cb-f4ce4684ea4c
Daniel Theis,e18e9d0a-97b9-470d-b0a6-0c401ae0e0a0,583ecdfb-fb46-11e1-82cb-f4ce4684ea4c
Norman Powell,e1e4c26d-ab5c-4bd7-886a-812854466bb8,583ecdfb-fb46-11e1-82cb-f4ce4684ea4c
Chris Duarte,1233bcf7-d653-4a86-b10a-86e3da52bdf0,583ed0ac-fb46-11e1-82cb-f4ce4684ea4c
Domantas Sabonis,22038780-8c50-4211-a99e-656d983e5207,583ed0ac-fb46-11e1-82cb-f4ce4684ea4c
Jordan Ford,2dc2237f-c0ec-402c-b607-11f049a26894,583ed0ac-fb46-11e1-82cb-f4ce4684ea4c
Alex Len,2facd6c5-10c6-4481-a20f-a885b3f84460,583ed0ac-fb46-11e1-82cb-f4ce4684ea4c
Malik Monk,3214b8de-d3ea-4188-9329-15a92f894f23,583ed0ac-fb46-11e1-82cb-f4ce4684ea4c
JaVale McGee,34ff5b55-42ef-40c0-a2c4-9c28b5476a03,583ed0ac-fb46-11e1-82cb-f4ce4684ea4c
Davion Mitchell,38a9b2cc-008e-406b-ad5a-87e0e54f93b7,583ed0ac-fb46-11e1-82cb-f4ce4684ea4c
Trey Lyles,55f10af0-4b71-4693-aa82-435e958ab560,583ed0ac-fb46-11e1-82cb-f4ce4684ea4c
Keon Ellis,68a8c4ea-1d77-4a42-bea4-dbe9a162332a,583ed0ac-fb46-11e1-82cb-f4ce4684ea4c
Mason Jones,68bedb10-a0c6-4595-999c-b30125b514c7,583ed0ac-fb46-11e1-82cb-f4ce4684ea4c
Sasha Vezenkov,7160cefa-bef9-4733-8495-7e148c9e5bd9,583ed0ac-fb46-11e1-82cb-f4ce4684ea4c
Keegan Murray,7494fbb4-5ac7-43ee-b91a-8859532f548b,583ed0ac-fb46-11e1-82cb-f4ce4684ea4c
Kevin Huerter,858d255e-9a7b-4c7a-aac4-fc7cf3a5f238,583ed0ac-fb46-11e1-82cb-f4ce4684ea4c
Colby Jones,b173be95-9411-4fa9-afa3-ff231db0ed4d,583ed0ac-fb46-11e1-82cb-f4ce4684ea4c
Kessler Edwards,c2ad9bcf-7920-46ce-a124-dc21e98ca72d,583ed0ac-fb46-11e1-82cb-f4ce4684ea4c
Harrison Barnes,ce8d0944-b277-499e-9701-02a5f1828615,583ed0ac-fb46-11e1-82cb-f4ce4684ea4c
De'Aaron Fox,cfc1e41b-74ab-45ee-8132-aaf9ca7f8163,583ed0ac-fb46-11e1-82cb-f4ce4684ea4c
Jalen Slawson,eef775a3-9634-47bc-95bf-a438c9d6dce8,583ed0ac-fb46-11e1-82cb-f4ce4684ea4c
Damion Lee,0d9274b1-878c-44e3-8284-2c1f321d148b,583ecfa8-fb46-11e1-82cb-f4ce4684ea4c
Drew Eubanks,0fbb8fd5-9b9c-48a2-a355-18aba7b5d9d5,583ecfa8-fb46-11e1-82cb-f4ce4684ea4c
Josh Okogie,1938fb4b-347a-43fd-ba41-1abdb9540699,583ecfa8-fb46-11e1-82cb-f4ce4684ea4c
Saben Lee,2b484dc1-9203-4b23-966c-f72e615e5d94,583ecfa8-fb46-11e1-82cb-f4ce4684ea4c
Thaddeus Young,31a50d54-ef46-47a8-863c-6f4d4e5aa184,583ecfa8-fb46-11e1-82cb-f4ce4684ea4c
Devin Booker,31baa84f-c759-4f92-8e1f-a92305ade3d6,583ecfa8-fb46-11e1-82cb-f4ce4684ea4c
Royce O'Neale,32526c95-bc6e-4d28-a751-c4200904d80b,583ecfa8-fb46-11e1-82cb-f4ce4684ea4c
David Roddy,339eff07-4d8e-42c6-9a47-900e94b13654,583ecfa8-fb46-11e1-82cb-f4ce4684ea4c
Kevin Durant,53f2fa48-e61b-49fb-843d-8a3e872257eb,583ecfa8-fb46-11e1-82cb-f4ce4684ea4c
Udoka Azubuike,597ba5c7-0927-446b-9b4f-bf730a8f65f6,583ecfa8-fb46-11e1-82cb-f4ce4684ea4c
Bol Bol,6395ff32-c9b6-4ad0-8f0f-dce474274725,583ecfa8-fb46-11e1-82cb-f4ce4684ea4c
Nassir Little,74eecf7d-f713-49e8-a590-52afa3f717a2,583ecfa8-fb46-11e1-82cb-f4ce4684ea4c
Ish Wainright,7fd7fc72-da84-4dfc-875b-daa11228f575,583ecfa8-fb46-11e1-82cb-f4ce4684ea4c
Jusuf Nurkic,a8b48aa9-cf98-4a87-8bba-e88eead8cdaa,583ecfa8-fb46-11e1-82cb-f4ce4684ea4c
Isaiah Thomas,bda5388e-a657-4e2c-8e12-6ed474518d25,583ecfa8-fb46-11e1-82cb-f4ce4684ea4c
Eric Gordon,f8d6c74c-e0bd-41ed-a814-f0b25259fe0a,583ecfa8-fb46-11e1-82cb-f4ce4684ea4c
Bradley Beal,ff461754-ad20-4eeb-af02-2b46cc980b24,583ecfa8-fb46-11e1-82cb-f4ce4684ea4c
Grayson Allen,ffa9a64f-d624-4033-bd23-59dcfd805175,583ecfa8-fb46-11e1-82cb-f4ce4684ea4c
LeBron James,0afbe608-940a-4d5d-a1f7-468718c67d91,583ecae2-fb46-11e1-82cb-f4ce4684ea4c
Jarred Vanderbilt,0b79911f-cd24-46d1-9b05-49fe937aa75e,583ecae2-fb46-11e1-82cb-f4ce4684ea4c
Gabe Vincent,1d4905d6-a6b4-4b45-8a90-91ed03440d0f,583ecae2-fb46-11e1-82cb-f4ce4684ea4c
Taurean Prince,4f80cdb1-1b10-4669-9774-045bc8a99c99,583ecae2-fb46-11e1-82cb-f4ce4684ea4c
Jaxson Hayes,582db35d-33ae-4913-9bb3-5de4fb763e46,583ecae2-fb46-11e1-82cb-f4ce4684ea4c
Rui Hachimura,5bfc9a4c-deb7-4f37-a784-5d99ada863cb,583ecae2-fb46-11e1-82cb-f4ce4684ea4c
Harry Giles III,70ba6b2e-e7c5-4df5-a88a-cd755e43ba97,583ecae2-fb46-11e1-82cb-f4ce4684ea4c
Maxwell Lewis,7c88b4f4-5cf7-4b53-bab8-e332c946481c,583ecae2-fb46-11e1-82cb-f4ce4684ea4c
Spencer Dinwiddie,8426ab40-888d-4f89-976c-cd9e23717653,583ecae2-fb46-11e1-82cb-f4ce4684ea4c
Cam Reddish,8f10f30f-cab7-43e1-be6b-736cd8700081,583ecae2-fb46-11e1-82cb-f4ce4684ea4c
Skylar Mays,92a32a2c-8081-4ed1-8c0f-8d19e7a5993b,583ecae2-fb46-11e1-82cb-f4ce4684ea4c
Christian Wood,98100660-988b-4e71-a89e-f35839964483,583ecae2-fb46-11e1-82cb-f4ce4684ea4c
Colin Castleton,a4b52811-c864-4830-a0fe-9d9745814422,583ecae2-fb46-11e1-82cb-f4ce4684ea4c
Austin Reaves,c4981f56-93a2-47b1-8d31-4e8635f45e1d,583ecae2-fb46-11e1-82cb-f4ce4684ea4c
Jalen Hood-Schifino,c8e15c45-76d9-45ad-908e-9bea625782bb,583ecae2-fb46-11e1-82cb-f4ce4684ea4c
D'Angelo Russell,dbf09e15-1cd8-434e-acda-9527735ef4d6,583ecae2-fb46-11e1-82cb-f4ce4684ea4c
Max Christie,e872cdaf-5d04-45c2-bbfe-d673f3fb26ce,583ecae2-fb46-11e1-82cb-f4ce4684ea4c
Anthony Davis,ea8826b8-1f76-4eab-b61e-ffcb176880f3,583ecae2-fb46-11e1-82cb-f4ce4684ea4c
Dario Saric,06255060-3d3d-44f6-a776-2aab8e57584a,583ec825-fb46-11e1-82cb-f4ce4684ea4c
Lester Quinones,09132733-2306-42e8-869e-2172ed2c77e0,583ec825-fb46-11e1-82cb-f4ce4684ea4c
Pat Spencer,21ed49ae-44cf-4031-9b6f-a48fb8a3e41c,583ec825-fb46-11e1-82cb-f4ce4684ea4c
Usman Garuba,452f97da-01fb-40be-834b-34fd3a40615e,583ec825-fb46-11e1-82cb-f4ce4684ea4c
Brandin Podziemski,49be9129-da30-4e74-aa60-b1e87582604b,583ec825-fb46-11e1-82cb-f4ce4684ea4c
Klay Thompson,4e152a06-673e-4701-b115-aa7e2cd00d2d,583ec825-fb46-11e1-82cb-f4ce4684ea4c
Draymond Green,5e5099d1-4a58-43f2-8d03-f2ae5dd49337,583ec825-fb46-11e1-82cb-f4ce4684ea4c
Andrew Wiggins,77c425f0-0fce-4fab-bd1e-c915c8fb5bc7,583ec825-fb46-11e1-82cb-f4ce4684ea4c
Trayce Jackson-Davis,7df31401-85c4-449f-bc87-f605145ef7ba,583ec825-fb46-11e1-82cb-f4ce4684ea4c
Stephen Curry,8ec91366-faea-4196-bbfd-b8fab7434795,583ec825-fb46-11e1-82cb-f4ce4684ea4c
Chris Paul,942c53e3-7268-44e3-b0a9-fdff55a72c03,583ec825-fb46-11e1-82cb-f4ce4684ea4c
Gary Payton II,955fe0fb-3ca2-49c0-9a19-922d8349f13c,583ec825-fb46-11e1-82cb-f4ce4684ea4c
Moses Moody,a316cf6a-693d-4c6a-b0d9-ebf80e73e832,583ec825-fb46-11e1-82cb-f4ce4684ea4c
Jonathan Kuminga,b27687c1-55bb-49e6-9c5b-96a099fda7b7,583ec825-fb46-11e1-82cb-f4ce4684ea4c
Jerome Robinson,befc2559-ffb9-46ab-b3cb-2a9844c5fe4d,583ec825-fb46-11e1-82cb-f4ce4684ea4c
Kevon Looney,ebb50069-6fdf-4c07-9a21-a63d5c814536,583ec825-fb46-11e1-82cb-f4ce4684ea4c
Gui Santos,f5d6fdfd-21f6-48f0-a297-4c13e8fc40cb,583ec825-fb46-11e1-82cb-f4ce4684ea4c
Matt Ryan,042f45b2-1dda-4dce-a5ba-1e8b923178c1,583ecc9a-fb46-11e1-82cb-f4ce4684ea4c
Dereon Seabron,1ad3d938-c2af-4567-b968-95dd79427fa5,583ecc9a-fb46-11e1-82cb-f4ce4684ea4c
Jordan Hawkins,1d7e4639-11b4-4358-96cb-028bfb166e64,583ecc9a-fb46-11e1-82cb-f4ce4684ea4c
Dyson Daniels,358fb074-ac1b-45a6-bf54-46c30534786e,583ecc9a-fb46-11e1-82cb-f4ce4684ea4c
Trey Murphy III,51b62fe8-1e5c-4c65-8ad3-2ad06e749b70,583ecc9a-fb46-11e1-82cb-f4ce4684ea4c
Zion Williamson,5cc51c05-06f5-4ae4-89a4-1d329fbbcdfb,583ecc9a-fb46-11e1-82cb-f4ce4684ea4c
Herbert Jones,66b88001-06c2-4f4a-9825-b6e0cc1df6cc,583ecc9a-fb46-11e1-82cb-f4ce4684ea4c
Jeremiah Robinson-Earl,709a47f0-270b-46b0-8089-be42c4f9ebc3,583ecc9a-fb46-11e1-82cb-f4ce4684ea4c
Malcolm Hill,787f64f8-b127-47da-b05b-6b4324a502a0,583ecc9a-fb46-11e1-82cb-f4ce4684ea4c
Brandon Ingram,8082841d-e516-43c6-a81b-7987fa321acd,583ecc9a-fb46-11e1-82cb-f4ce4684ea4c
Izaiah Brockington,852e34ff-2735-4d9a-895c-cb45978ae13a,583ecc9a-fb46-11e1-82cb-f4ce4684ea4c
Jose Alvarado,8d6caab5-3a9a-4994-bde0-9fe14032efd7,583ecc9a-fb46-11e1-82cb-f4ce4684ea4c
Naji Marshall,a15f73b1-f757-4af2-b09a-f0185e09c8bf,583ecc9a-fb46-11e1-82cb-f4ce4684ea4c
Larry Nance Jr.,ad389979-d1d5-4f26-ad64-3e516b3373a3,583ecc9a-fb46-11e1-82cb-f4ce4684ea4c
CJ McCollum,bc70a55a-cee0-478f-9a13-cf51c4a4187c,583ecc9a-fb46-11e1-82cb-f4ce4684ea4c
Jonas Valanciunas,c8788ad2-89f7-4ec9-a22b-dcaf6190889b,583ecc9a-fb46-11e1-82cb-f4ce4684ea4c
E.J. Liddell,e140d6c7-351e-4937-84cd-66af4b8d617d,583ecc9a-fb46-11e1-82cb-f4ce4684ea4c
Cody Zeller,e1ce75b8-44ce-4086-b2e1-d2e22efc86ff,583ecc9a-fb46-11e1-82cb-f4ce4684ea4c
Greg Brown III,03258eec-a666-4b8f-86da-9bed8e91c39f,583ecf50-fb46-11e1-82cb-f4ce4684ea4c
Dante Exum,0d187d04-4cd9-44b3-9a29-408fac5b011e,583ecf50-fb46-11e1-82cb-f4ce4684ea4c
Dereck Lively II,1b31afe2-7fb7-42d1-8eef-003c5eb619c2,583ecf50-fb46-11e1-82cb-f4ce4684ea4c
Markieff Morris,25c4a949-c310-4bd3-af3f-10441215b323,583ecf50-fb46-11e1-82cb-f4ce4684ea4c
Tim Hardaway Jr.,35cd1338-c56b-4247-b53c-264585c59883,583ecf50-fb46-11e1-82cb-f4ce4684ea4c
Maxi Kleber,3ef70a50-cd0d-4148-a1ad-ca830a1a9046,583ecf50-fb46-11e1-82cb-f4ce4684ea4c
Daniel Gafford,52cd8137-c791-4569-ad70-433e25d34882,583ecf50-fb46-11e1-82cb-f4ce4684ea4c
Derrick Jones Jr.,54cf6e06-9172-44b8-8d3b-ea1b6926553d,583ecf50-fb46-11e1-82cb-f4ce4684ea4c
Olivier-Maxence Prosper,599e6bbf-54a5-431b-b542-1817a0942369,583ecf50-fb46-11e1-82cb-f4ce4684ea4c
A.J. Lawson,6bc71e02-9a03-40db-aed4-332ab5193336,583ecf50-fb46-11e1-82cb-f4ce4684ea4c
P.J. Washington Jr.,6d7f4f2f-7ea7-4c56-8082-dfdce67f5487,583ecf50-fb46-11e1-82cb-f4ce4684ea4c
Dwight Powell,a465418b-0933-40b4-8f01-253d046872e1,583ecf50-fb46-11e1-82cb-f4ce4684ea4c
Jaden Hardy,a8d25a06-b47e-4a08-a945-7bf0dd945584,583ecf50-fb46-11e1-82cb-f4ce4684ea4c
Alex Fudge,bc3d0653-efe8-4cca-ad54-3f88cd950447,583ecf50-fb46-11e1-82cb-f4ce4684ea4c
Josh Green,bda65c13-f2d4-43ec-b058-b7807bec4867,583ecf50-fb46-11e1-82cb-f4ce4684ea4c
Brandon Williams,c8efed0b-f365-4440-84f7-df8c8078d1c0,583ecf50-fb46-11e1-82cb-f4ce4684ea4c
Luka Doncic,d2ee92e9-3e72-45eb-b156-2dc5adc1e6f7,583ecf50-fb46-11e1-82cb-f4ce4684ea4c
Kyrie Irving,dd146010-902b-4ad7-b98c-650d0363a2f0,583ecf50-fb46-11e1-82cb-f4ce4684ea4c
Jock Landale,02dc6e18-95a4-4919-b4fc-f8a981ccd359,583ecb3a-fb46-11e1-82cb-f4ce4684ea4c
Jae'Sean Tate,1c7e3ee9-c6cd-4e1d-9efe-81fb1b2d4b69,583ecb3a-fb46-11e1-82cb-f4ce4684ea4c
Boban Marjanovic,24c17409-ac10-4859-be6c-59d6cc6b5810,583ecb3a-fb46-11e1-82cb-f4ce4684ea4c
Jabari Smith Jr.,293be24b-3a94-40b2-a7a4-a1dd788302e9,583ecb3a-fb46-11e1-82cb-f4ce4684ea4c
Reggie Bullock Jr.,42fa4c2c-6520-4d04-a753-cfe4a5c5e2e1,583ecb3a-fb46-11e1-82cb-f4ce4684ea4c
Fred VanVleet,45f17314-918c-49bd-a482-adc171859025,583ecb3a-fb46-11e1-82cb-f4ce4684ea4c
Alperen Sengun,47ff78e7-5607-48d6-9c1a-bddb075dbe70,583ecb3a-fb46-11e1-82cb-f4ce4684ea4c
Jermaine Samuels Jr.,483b2172-e415-49ea-940b-4c4db5e58a52,583ecb3a-fb46-11e1-82cb-f4ce4684ea4c
Dillon Brooks,72a6489b-ad35-4f06-8a4f-a68ea1052f7b,583ecb3a-fb46-11e1-82cb-f4ce4684ea4c
Aaron Holiday,877eb456-2827-475f-b858-2bc00480e24f,583ecb3a-fb46-11e1-82cb-f4ce4684ea4c
Nate Hinton,9156ab75-7c83-4805-ae0b-7cf137c9c06d,583ecb3a-fb46-11e1-82cb-f4ce4684ea4c
Jalen Green,9a331092-35db-456c-a44a-d5b80a02ebe9,583ecb3a-fb46-11e1-82cb-f4ce4684ea4c
Steven Adams,a208e22a-6b63-45f9-b7c6-bf913a68f3df,583ecb3a-fb46-11e1-82cb-f4ce4684ea4c
Cam Whitmore,aeba1657-a0df-427b-ba9a-6db9e9147304,583ecb3a-fb46-11e1-82cb-f4ce4684ea4c
Nate Williams,b83048ff-1e71-46fa-b49c-0b04a72cc4a1,583ecb3a-fb46-11e1-82cb-f4ce4684ea4c
Amen Thompson,b8b323c1-5691-43a4-9c48-707531803d6a,583ecb3a-fb46-11e1-82cb-f4ce4684ea4c
Jeff Green,b9155864-4192-4ad7-8652-57a0844c87b3,583ecb3a-fb46-11e1-82cb-f4ce4684ea4c
Tari Eason,e7373530-b566-4f36-b0de-0510b6d94e0e,583ecb3a-fb46-11e1-82cb-f4ce4684ea4c
Lamar Stevens,09fe0192-07af-4d2e-af28-9a5d08a1fd8c,583eca88-fb46-11e1-82cb-f4ce4684ea4c
Jordan Goodwin,0b9bab33-66c3-4e01-b91e-df6b8c40ea2b,583eca88-fb46-11e1-82cb-f4ce4684ea4c
Vince Williams Jr.,0e5eb37e-e112-4587-98d8-8a9b46254f28,583eca88-fb46-11e1-82cb-f4ce4684ea4c
Timmy Allen,1681339e-29da-4cac-bf9c-770108073440,583eca88-fb46-11e1-82cb-f4ce4684ea4c
Ziaire Williams,1c9a1c2e-3e3b-439e-8d72-0b41b17e4ba9,583eca88-fb46-11e1-82cb-f4ce4684ea4c
Santi Aldama,266cd359-f378-45c6-957e-6e21378e5219,583eca88-fb46-11e1-82cb-f4ce4684ea4c
GG Jackson II,28549c0f-c6e6-4757-a515-dbc2e1b78007,583eca88-fb46-11e1-82cb-f4ce4684ea4c
Wenyen Gabriel,2bf24df1-604d-4eca-b3f3-f5691f4b99b6,583eca88-fb46-11e1-82cb-f4ce4684ea4c
Jaren Jackson Jr.,3e492a6a-ed3c-499d-b3f5-ff68ca16f6fd,583eca88-fb46-11e1-82cb-f4ce4684ea4c
Derrick Rose,48341095-ae5a-4d61-bcc8-1b0ceed870b2,583eca88-fb46-11e1-82cb-f4ce4684ea4c
Desmond Bane,49962b13-0afc-43f5-a3e2-7e37b7736260,583eca88-fb46-11e1-82cb-f4ce4684ea4c
Jack White,54a7404f-3173-4d3e-93ca-6571a183b9a6,583eca88-fb46-11e1-82cb-f4ce4684ea4c
Zavier Simpson,7a30c43d-a206-476d-b5b2-75b419445ae9,583eca88-fb46-11e1-82cb-f4ce4684ea4c
John Konchar,906578a8-c01e-4799-a972-2b47e02108b9,583eca88-fb46-11e1-82cb-f4ce4684ea4c
Ja Morant,9983bed6-e53c-4c65-a90a-51546a0e3352,583eca88-fb46-11e1-82cb-f4ce4684ea4c
Luke Kennard,a537047d-c29f-4dfe-99b0-3bac4e258dc7,583eca88-fb46-11e1-82cb-f4ce4684ea4c
Marcus Smart,af460d21-b1d8-46bb-a228-61ac4fb9ccf9,583eca88-fb46-11e1-82cb-f4ce4684ea4c
Yuta Watanabe,c7900e6e-e5ea-4670-a7bf-cb097f041b25,583eca88-fb46-11e1-82cb-f4ce4684ea4c
Brandon Clarke,c978afe7-cf22-45fc-8d0f-da8f867eb5ee,583eca88-fb46-11e1-82cb-f4ce4684ea4c
Jake LaRavia,cbea1c03-1ac9-4afa-8fdc-2d7155ea5583,583eca88-fb46-11e1-82cb-f4ce4684ea4c
Trey Jemison,da899e36-f338-495b-b6f0-121295baf354,583eca88-fb46-11e1-82cb-f4ce4684ea4c
Scotty Pippen Jr.,df62b7c5-faaa-4f37-a716-b7e034aa03eb,583eca88-fb46-11e1-82cb-f4ce4684ea4c
Blake Wesley,08baba55-bec0-4494-95ce-28778c37a981,583ecd4f-fb46-11e1-82cb-f4ce4684ea4c
Jamaree Bouyea,18c4bd7c-e293-4c0a-95d4-5e9983d301b3,583ecd4f-fb46-11e1-82cb-f4ce4684ea4c
Keldon Johnson,190797ba-a6f4-4286-9d5e-d157ff834829,583ecd4f-fb46-11e1-82cb-f4ce4684ea4c
Tre Jones,2d4ce4bc-b03a-40bc-b22c-dab27591a429,583ecd4f-fb46-11e1-82cb-f4ce4684ea4c
David Duke Jr.,2ff9979f-4ca6-44b8-946e-70cbd992410c,583ecd4f-fb46-11e1-82cb-f4ce4684ea4c
Dominick Barlow,4589f8d1-66cd-4d57-a5b5-c7d130a0b43d,583ecd4f-fb46-11e1-82cb-f4ce4684ea4c
Jeremy Sochan,4d9e0abc-05aa-45de-be32-b0770697416a,583ecd4f-fb46-11e1-82cb-f4ce4684ea4c
Devonte' Graham,604571ce-5be8-4938-b8fb-945ff8d15f8d,583ecd4f-fb46-11e1-82cb-f4ce4684ea4c
RaiQuan Gray,6b2a569f-b0ae-4bdf-b7c8-eef466421d9a,583ecd4f-fb46-11e1-82cb-f4ce4684ea4c
Sidy Cissoko,7721e264-5db8-4af9-b252-65f2d18c454d,583ecd4f-fb46-11e1-82cb-f4ce4684ea4c
Victor Wembanyama,98e2cdeb-69dc-499c-a853-84c32c714924,583ecd4f-fb46-11e1-82cb-f4ce4684ea4c
Zach Collins,b5310b38-a378-464f-b344-928adee0ed00,583ecd4f-fb46-11e1-82cb-f4ce4684ea4c
Sandro Mamukelashvili,c910f29a-3f6b-4dba-92e9-20137fbdf2c7,583ecd4f-fb46-11e1-82cb-f4ce4684ea4c
Cedi Osman,d8570bcf-9513-47d6-8f21-2f86625e58df,583ecd4f-fb46-11e1-82cb-f4ce4684ea4c
Charles Bassey,eb063340-43d5-4f5c-8097-fa6e40b6f5e2,583ecd4f-fb46-11e1-82cb-f4ce4684ea4c
Malaki Branham,ecdd201a-e33b-476e-9325-296cad22ba93,583ecd4f-fb46-11e1-82cb-f4ce4684ea4c
Julian Champagnie,fa0e2b60-8ee9-4db6-b9bc-d0e23d6b29d2,583ecd4f-fb46-11e1-82cb-f4ce4684ea4c
Devin Vassell,fe215630-2dc5-4573-95cc-c1b14abbbbcd,583ecd4f-fb46-11e1-82cb-f4ce4684ea4c
